model,attribution_mape,rank_correlation,r2,wmape,elapsed_seconds,share_rep_visits,share_dtc_advertising,share_samples,share_peer_programs,share_digital_impressions,share_conference,true_rep_visits,true_dtc_advertising,true_samples,true_peer_programs,true_digital_impressions,true_conference
TreeMMM (LightGBM),15.316672893594932,1.0,0.5499310392754317,0.49889726045044896,91.42510914802551,0.4355573436010842,0.17787869093967973,0.29521407848567327,0.06418874448617462,0.027140483845606866,2.0658641781319567e-05,0.38019262149257843,0.19588038329251786,0.32239656507152514,0.05704619087768992,0.0398415261646123,0.004642713101076326
GLMM-Naive,20.085180859569654,1.0,-409108.37740550784,9.807189596804585,24.48179578781128,0.3720841381950954,0.20944688597447844,0.2908194055800359,0.09191879605699577,0.03169700885214623,0.0040337653412482995,0.38019262149257843,0.19588038329251786,0.32239656507152514,0.05704619087768992,0.0398415261646123,0.004642713101076326
GLMM-Oracle,25.581857064697363,1.0,-35723.09890790347,3.5769134077173037,21.42665672302246,0.4225099158191642,0.18792269945438447,0.2954337337283015,0.07896323504683052,0.013572731269623658,0.0015976846816956633,0.38019262149257843,0.19588038329251786,0.32239656507152514,0.05704619087768992,0.0398415261646123,0.004642713101076326
PyMC-Hier-Naive,20.80597412198715,1.0,-883.2132418564945,2.5260184900523526,164.47644329071045,0.3644542059941027,0.21846844793646758,0.2881467174815904,0.09364776655017966,0.034433473753761594,0.0008493882838981387,0.38019262149257843,0.19588038329251786,0.32239656507152514,0.05704619087768992,0.0398415261646123,0.004642713101076326
PyMC-Hier-Oracle,20.413940522487195,1.0,-58.233867730160036,1.2185107757818758,201.06946468353271,0.4086226321227878,0.19430252888545982,0.2937425660371288,0.08049431656103564,0.02239299871871347,0.0004449576748744831,0.38019262149257843,0.19588038329251786,0.32239656507152514,0.05704619087768992,0.0398415261646123,0.004642713101076326
PyMC-Marketing,82.44183604069295,0.7714285714285715,-0.24563301052403408,0.016991841422399335,19.561976194381714,0.20923388475797236,0.21464062233305747,0.31314392973201044,0.09731082342023378,0.15307631240694153,0.012594427349784422,0.38019262149257843,0.19588038329251786,0.32239656507152514,0.05704619087768992,0.0398415261646123,0.004642713101076326
