model,attribution_mape,rank_correlation,r2,wmape,elapsed_seconds,share_rep_visits,share_dtc_advertising,share_samples,share_peer_programs,share_digital_impressions,share_conference,true_rep_visits,true_dtc_advertising,true_samples,true_peer_programs,true_digital_impressions,true_conference
TreeMMM (LightGBM),15.635124845771273,1.0,0.551708561443129,0.4926128788160024,59.570037841796875,0.43544946759744674,0.1736324320830467,0.2969155100729038,0.06614916305906404,0.027848909811126057,4.5173764127082954e-06,0.3813856872288055,0.19462586541175825,0.3228429368983677,0.0571283251105537,0.03944157439596789,0.004575610954546908
GLMM-Naive,21.591664799810694,1.0,-826676.8862775845,10.795054668378116,20.46262502670288,0.3631573391638079,0.22101731305528433,0.28436011349502116,0.09453379673030717,0.03462082139913426,0.0023106161564451235,0.3813856872288055,0.19462586541175825,0.3228429368983677,0.0571283251105537,0.03944157439596789,0.004575610954546908
GLMM-Oracle,20.24409747016874,1.0,-434039.307358539,6.187843486297109,31.863231658935547,0.40897044940524446,0.19119428972713184,0.2923533907163313,0.08189009889137393,0.023887260429575473,0.0017045108303431029,0.3813856872288055,0.19462586541175825,0.3228429368983677,0.0571283251105537,0.03944157439596789,0.004575610954546908
