model,attribution_mape,rank_correlation,r2,wmape,elapsed_seconds,share_channel_a,share_channel_b,share_channel_c,true_channel_a,true_channel_b,true_channel_c
TreeMMM (LightGBM),0.2936494547984774,1.0,0.9525426023486229,0.054829763369717247,55.70843005180359,0.5719085004274714,0.30825956987345987,0.11983192969906868,0.570613371107121,0.3097582515729786,0.1196283773199004
GLMM-Naive,0.07950663939317416,1.0,0.9527693302062866,0.054698122815087555,68.10357689857483,0.5710306894302369,0.3094006908385666,0.11956861973119651,0.570613371107121,0.3097582515729786,0.1196283773199004
GLMM-Oracle,0.07950663939317416,1.0,0.9527693302062866,0.054698122815087555,68.87446069717407,0.5710306894302369,0.3094006908385666,0.11956861973119651,0.570613371107121,0.3097582515729786,0.1196283773199004
