model,dataset,planted_decay,attribution_mape,rank_correlation,r2,wmape,elapsed_seconds,share_rep_visits,true_rep_visits,share_dtc_advertising,true_dtc_advertising,share_samples,true_samples,share_peer_programs,true_peer_programs,share_digital_impressions,true_digital_impressions,share_conference,true_conference
TreeMMM-Naive,pharma_adstock,0.5,32.569174594585746,0.942857142857143,0.3778349531242974,0.4760293775094396,139.0603084564209,0.2921538714102424,0.41702039580060246,0.24911597687692885,0.19374930361466586,0.3294317453042246,0.3026009542464547,0.09218342985094115,0.05237277887526316,0.03683130615083285,0.03083507448859182,0.00028367040683013666,0.0034214929744220686
TreeMMM-Adstock,pharma_adstock,0.5,21.287129188959362,1.0,0.3937070309139894,0.4672148652204704,66.77112650871277,0.4650880612126755,0.41702039580060246,0.1844119300312034,0.19374930361466586,0.2954097882410843,0.3026009542464547,0.04838921719965277,0.05237277887526316,0.006133939775129111,0.03083507448859182,0.0005670635402549275,0.0034214929744220686
GLMM-Naive,pharma_adstock,0.5,61.49151078298225,0.942857142857143,-14566.757962023587,2.8455878682801337,5.455576419830322,0.26728620414948645,0.41702039580060246,0.2592185649155669,0.19374930361466586,0.28621711088420115,0.3026009542464547,0.1160329325888549,0.05237277887526316,0.06499873201685832,0.03083507448859182,0.006246455445032244,0.0034214929744220686
GLMM-Adstock,pharma_adstock,0.5,28.35604585137198,1.0,-2844.3044533663715,2.3072083095851226,6.661975383758545,0.34931592170710296,0.41702039580060246,0.24041163737172047,0.19374930361466586,0.28724024419130456,0.3026009542464547,0.09192621122708208,0.05237277887526316,0.024402274375437762,0.03083507448859182,0.006703711127352192,0.0034214929744220686
