dataset,n_regions,n_weeks,model,attribution_mape,rank_correlation,r2,wmape,elapsed_seconds,notes,recovered_tv_grps,true_tv_grps,recovered_digital_spend,true_digital_spend,recovered_trade_promo,true_trade_promo
geo_panel,200,52,TreeMMM-Adstock,29.74185496588917,1.0,0.0834179749276902,0.3525552219571726,25.467085123062134,,0.36053125908473,0.4497543091711212,0.35296044456203535,0.375017465168312,0.2865082963532349,0.17522822566056678
geo_panel,200,52,PyMC-Marketing (weakly informative),52.14781228744519,0.5,-0.5322800043722906,0.08452362251576996,115.0674774646759,,0.3933355708826943,0.4497543091711212,0.5853223374515412,0.375017465168312,0.021342091665764507,0.17522822566056678
geo_panel,200,52,PyMC-Marketing (informative),52.14781228744519,0.5,-0.5165997059018579,0.08419226156268482,61.199918270111084,,0.3933355708826943,0.4497543091711212,0.5853223374515412,0.375017465168312,0.021342091665764507,0.17522822566056678
geo_panel,200,52,GLMM-Aggregate,214.999379773733,-1.0,0.5837491350895685,0.04266494319309271,0.37862515449523926,,0.0,0.4497543091711212,0.030675974110744693,0.375017465168312,0.9693240258892553,0.17522822566056678
geo_panel,200,52,Robyn,,,,,6.604194641113281e-05,"Meta Robyn MMM is an R package (github.com/facebookexperimental/Robyn). pip install robyn installs a Rust-based web framework, not an MMM tool. A functional Python MMM wrapper for Robyn does not exist as of this benchmark. Skipped — R runtime not available in our environment.",,0.4497543091711212,,0.375017465168312,,0.17522822566056678
geo_panel,200,52,Meridian,56.95666679965902,1.0,,,,tv_grps recovered=70.5% (true 44.9%); digital_spend recovered=27.1% (true 37.5%); trade_promo recovered=2.4% (true 17.5%). R2 and WMAPE not extractable (EagerTensor API). Fit time: 1734s (29 min). Rank correlation 1.0 (correct ordering). Attribution MAPE 57.0%.,0.7050075369215458,0.4497543091711212,0.2712351671023665,0.375017465168312,0.023757295976087705,0.17522822566056678
