model,attribution_mape,rank_correlation,r2,wmape,elapsed_seconds,share_tv_grps,share_digital_spend,share_trade_promo,share_instore_display,share_social_media,true_tv_grps,true_digital_spend,true_trade_promo,true_instore_display,true_social_media
TreeMMM (LightGBM),24.528973090466803,0.8999999999999998,0.6246430305850328,0.40813243603170135,73.48073291778564,0.15629524593827032,0.23890350082528042,0.47477123451359643,0.09496216979983148,0.03506784892302136,0.2617192485142597,0.1796039511634111,0.39828964504288894,0.12237622062452135,0.038010934654918865
GLMM-Naive,32.18461167163558,0.8999999999999998,0.23234404774554984,0.5324166897379066,31.49497365951538,0.15010434513523027,0.2503922006403059,0.4927755698906323,0.07494300917609008,0.03178487515774146,0.2617192485142597,0.1796039511634111,0.39828964504288894,0.12237622062452135,0.038010934654918865
GLMM-Oracle,20.697010657226038,0.8999999999999998,0.4257623755364299,0.4886673109981245,38.27053618431091,0.18091875366709573,0.23554948706143305,0.45521729808252825,0.09002469756184528,0.038289763627097614,0.2617192485142597,0.1796039511634111,0.39828964504288894,0.12237622062452135,0.038010934654918865
