model,attribution_mape,rank_correlation,r2,wmape,elapsed_seconds,share_channel_a,share_channel_b,share_channel_c,true_channel_a,true_channel_b,true_channel_c
TreeMMM (LightGBM),0.3624270253737827,1.0,0.9540059690619471,0.05363386944085759,83.56000018119812,0.5729288194603405,0.30751051721925177,0.1195606633204078,0.5709060069451612,0.3096019630367207,0.11949203001811798
GLMM-Naive,0.3544754794804646,1.0,0.9542826887426706,0.05347306609127978,68.79940819740295,0.5725895434549405,0.30772464348473577,0.11968581306032373,0.5709060069451612,0.3096019630367207,0.11949203001811798
GLMM-Oracle,0.3544754794804646,1.0,0.9542826887426706,0.05347306609127978,59.692482709884644,0.5725895434549405,0.30772464348473577,0.11968581306032373,0.5709060069451612,0.3096019630367207,0.11949203001811798
PyMC-Hier-Naive,0.11589849040975646,1.0,0.9840824211473231,0.03166615387709124,133.44286441802979,0.5707459681085767,0.30944183285705035,0.11981219903437286,0.5709060069451612,0.3096019630367207,0.11949203001811798
PyMC-Hier-Oracle,0.11589849040975646,1.0,0.9840824211473231,0.03166615387709124,135.57067489624023,0.5707459681085767,0.30944183285705035,0.11981219903437286,0.5709060069451612,0.3096019630367207,0.11949203001811798
PyMC-Marketing,11.040810905411332,1.0,0.9818728147100773,0.0007323301493376454,24.10961604118347,0.5261137929520062,0.3333602166445662,0.14052599040342753,0.5709060069451612,0.3096019630367207,0.11949203001811798
