model,attribution_mape,rank_correlation,r2,wmape,elapsed_seconds,share_sdr_outreach,share_content_downloads,share_paid_search,share_event_attendance,share_csm_meetings,true_sdr_outreach,true_content_downloads,true_paid_search,true_event_attendance,true_csm_meetings
TreeMMM (LightGBM),16.42887974617239,0.8999999999999998,0.5907507555601306,0.4147475530351887,89.20259356498718,0.12524148116699751,0.2034415153599565,0.08104406293912665,0.3430555818674689,0.24721735866645053,0.12099174870501996,0.21787243244991863,0.09887473745294814,0.25512464113570754,0.3071364402564058
GLMM-Naive,17.61135492097103,0.8999999999999998,0.2577883056057182,0.5358580596966992,34.98602509498596,0.12644945669663268,0.21453799440662186,0.07353777680772337,0.3442445516661775,0.24123022042284456,0.12099174870501996,0.21787243244991863,0.09887473745294814,0.25512464113570754,0.3071364402564058
GLMM-Oracle,11.277701227834367,0.8999999999999998,0.31399100659409274,0.5721747100634238,21.13715147972107,0.1323533598282617,0.24266819306187784,0.09112024096679237,0.2809441158005727,0.2529140903424953,0.12099174870501996,0.21787243244991863,0.09887473745294814,0.25512464113570754,0.3071364402564058
PyMC-Hier-Naive,17.76104044343038,0.8999999999999998,0.3795273591010472,0.47313357456067856,156.82556056976318,0.1264376892558222,0.21487374045155705,0.07387563901356062,0.34569179615857976,0.2391211351204804,0.12099174870501996,0.21787243244991863,0.09887473745294814,0.25512464113570754,0.3071364402564058
PyMC-Hier-Oracle,11.540538796619908,0.8999999999999998,0.5153279811229405,0.4413250909885283,181.81996250152588,0.13141989659709535,0.24414993189639364,0.09113150183713728,0.282664982033076,0.2506336876362977,0.12099174870501996,0.21787243244991863,0.09887473745294814,0.25512464113570754,0.3071364402564058
PyMC-Marketing,22.657683454534627,0.8999999999999998,-0.6754452635588044,0.013741079086698454,25.010102033615112,0.1632080127561946,0.21469996650054202,0.14623024247651895,0.24133350706932716,0.2345282711974173,0.12099174870501996,0.21787243244991863,0.09887473745294814,0.25512464113570754,0.3071364402564058
