model,attribution_mape,rank_correlation,r2,wmape,elapsed_seconds,share_tv_grps,share_digital_spend,share_trade_promo,share_instore_display,share_social_media,true_tv_grps,true_digital_spend,true_trade_promo,true_instore_display,true_social_media
TreeMMM (LightGBM),22.04652764488047,0.8999999999999998,0.593620741796399,0.41233464449824286,97.82776188850403,0.1539930137279361,0.23602538539703946,0.4703515397381929,0.10268360318163385,0.03694645795519771,0.2616168057781553,0.17877696235966237,0.3989114532039784,0.12265128942398831,0.03804348923421564
GLMM-Naive,27.90438988779453,0.8999999999999998,0.20613252371871404,0.5574690208694245,35.015758752822876,0.14888797399034562,0.24632866194397474,0.48478480073511315,0.08412788623859353,0.0358706770919729,0.2616168057781553,0.17877696235966237,0.3989114532039784,0.12265128942398831,0.03804348923421564
GLMM-Oracle,20.409301013934886,0.8999999999999998,0.30787049059812577,0.5648811447264268,28.503957271575928,0.17858677393163094,0.22975767274858108,0.44898211062999155,0.10040569328691622,0.04226774940288018,0.2616168057781553,0.17877696235966237,0.3989114532039784,0.12265128942398831,0.03804348923421564
PyMC-Hier-Naive,28.202448558176712,0.8999999999999998,0.27879057577642286,0.4715881347639719,164.76774859428406,0.1485954456053386,0.2474630392380947,0.48467665050868297,0.08348952417210244,0.035775340475781243,0.2616168057781553,0.17877696235966237,0.3989114532039784,0.12265128942398831,0.03804348923421564
PyMC-Hier-Oracle,20.61945814929183,0.8999999999999998,0.4225509755703166,0.45032322478702547,170.61319065093994,0.17772272866466882,0.23076294328459596,0.4495178120963997,0.09988207933061446,0.04211443662372105,0.2616168057781553,0.17877696235966237,0.3989114532039784,0.12265128942398831,0.03804348923421564
PyMC-Marketing,120.24465304196447,0.09999999999999999,0.6641707675309247,0.021697432562782542,18.906239986419678,0.16779328871461643,0.14820863236968826,0.27583433896928067,0.19604496956848402,0.21211877037793056,0.2616168057781553,0.17877696235966237,0.3989114532039784,0.12265128942398831,0.03804348923421564
