model,attribution_mape,rank_correlation,r2,wmape,elapsed_seconds,share_sdr_outreach,share_content_downloads,share_paid_search,share_event_attendance,share_csm_meetings,true_sdr_outreach,true_content_downloads,true_paid_search,true_event_attendance,true_csm_meetings
TreeMMM (LightGBM),14.723388660347922,0.8999999999999998,0.583144700358625,0.41276446088183544,52.803406715393066,0.11953268781445575,0.2025368547350454,0.08302555593896223,0.33785051958566187,0.25705438192587476,0.11839504810544044,0.21820728354313643,0.09841747987009074,0.25465604352453947,0.31032414495679295
GLMM-Naive,18.287672743314864,0.8999999999999998,0.20940959309837281,0.5590264828944886,27.163938999176025,0.12719942989425842,0.2109054801111108,0.07634668954879299,0.3453753085910155,0.24017309185482233,0.11839504810544044,0.21820728354313643,0.09841747987009074,0.25465604352453947,0.31032414495679295
GLMM-Oracle,11.018173191963943,0.8999999999999998,0.30545597010372894,0.5676155924646997,29.433523654937744,0.1321466859158867,0.24152194596897703,0.09518708384670048,0.2806801698217058,0.25046411444673,0.11839504810544044,0.21820728354313643,0.09841747987009074,0.25465604352453947,0.31032414495679295
