dataset,model,mroi_rank_correlation,direction_accuracy,predicted_lift_pct,true_lift_pct,lift_error_pct
pharma_brand,TreeMMM,0.8857142857142858,0.8333333333333334,-0.09755710736731536,6.0694261910702805,101.60735305605738
pharma_brand,GLMM-Naive,0.2571428571428572,0.8333333333333334,-92.72264137935106,67.1698557264544,238.04204337874268
cpg_brand,TreeMMM,0.9999999999999999,1.0,-6.252460965743695,-3.4409252066697342,81.7087146684911
cpg_brand,GLMM-Naive,0.8999999999999998,1.0,-5.19638931331857,-3.4409252066697342,51.017211976770774
saas_brand,TreeMMM,0.9999999999999999,1.0,-3.8576451330896924,-1.2788401314900015,201.65186703947705
saas_brand,GLMM-Naive,0.9999999999999999,1.0,-3.9168299198901897,-1.2788401314900015,206.27987216248954
linear_baseline,TreeMMM,1.0,1.0,0.0,0.0,0.0
linear_baseline,GLMM-Naive,1.0,1.0,0.0,0.0,0.0
