dataset,model,n_customers,n_periods,mroi_rank_correlation,direction_accuracy,predicted_lift_pct,true_lift_pct,lift_error_pct
pharma_brand,PyMC-Hier-Naive,500,24,0.6571428571428573,1.0,-56.39983317121686,67.10657774794015,184.04516377375253
cpg_brand,PyMC-Hier-Naive,500,24,0.9999999999999999,1.0,14.98635331988586,28.18716120885342,46.83269730909002
saas_brand,PyMC-Hier-Naive,500,24,0.9999999999999999,1.0,-3.3715040768451403,-1.1377468406365496,196.33165801267725
linear_baseline,PyMC-Hier-Naive,500,24,1.0,1.0,0.0,0.0,0.0
pharma_brand,GLMM-Naive,500,24,0.4285714285714286,1.0,-55.68255531859243,67.2130334376654,182.8448776534293
cpg_brand,GLMM-Naive,500,24,0.9999999999999999,1.0,-5.048431759512595,-2.9168737192061185,73.07680227194133
saas_brand,GLMM-Naive,500,24,0.9999999999999999,1.0,-4.156839876993819,-1.1377468406365496,265.35718918526186
linear_baseline,GLMM-Naive,500,24,1.0,1.0,0.0,0.0,0.0
