model,attribution_mape,rank_correlation,attribution_mape_promo_only,rank_correlation_promo_only,pred_r2,pred_wmape
TreeMMM (LightGBM),487.8503464612125,0.6428571428571429,10.703787184439474,1.0,0.5186467698618459,0.5272371824574844
GLMM-Naive,298.5199753724243,0.6428571428571429,21.54649489612806,1.0,0.390478548286866,0.7327365900928609
GLMM-Oracle,277.17955291797364,0.6428571428571429,25.97685749500108,1.0,0.31365519790871754,0.7668009704320098
BayesianRidge-Naive,476.1876207395653,0.6428571428571429,22.43246003931774,1.0,-7579.306270871368,4.476713371059469
BayesianRidge-Oracle,438.03629755699336,0.6190476190476191,26.497371174856045,1.0,-1014.6297929440807,2.469828194498133
PyMC-Naive,476.23157980164115,0.6428571428571429,22.317851246736197,1.0,-7930.37358050661,4.548048381478386
Tree->GLMM,410.88289098247697,0.6428571428571429,19.556609504731036,1.0,0.20573675090159105,0.5936090023138915
